{
	"class_name" : "ViewTrajectory",
	"interval" : 29,
	"is_loop" : false,
	"trajectory" : 
	[
		{
			"boundingbox_max" : [ 3.2743145198253814, 2.4209375809214273, 0.0 ],
			"boundingbox_min" : [ -2.7234649139285048, -1.004988339486643, -6.625 ],
			"field_of_view" : 60.0,
			"front" : [ -0.040483045843432389, -0.10321034151205286, 0.99383537288838941 ],
			"lookat" : [ -0.37058051040531625, 0.83257250561806984, -3.5418127069235004 ],
			"up" : [ -0.081709410996086182, 0.99166134004720119, 0.099656203070666804 ],
			"zoom" : 0.7,
            "backgroud_color": [0,0,0]
		}
	],
	"version_major" : 1,
	"version_minor" : 0
}